{
    "Metadata": {
        "Type": "Prototype",
        "Category": "Obstacle"
    },
    "Components": [
        {
            "Metadata": {
                "Type": "Meta"
            },
            "Component": {
                "Name": ""
            }
        },
        {
            "Metadata": {
                "Type": "Transform"
            },
            "Component": {
                "Position": [
                    0.0,
                    0.0,
                    0.0
                ],
                "Rotation": [
                    0.0,
                    0.0,
                    0.0,
                    1.0
                ],
                "Scale": [
                    1.0,
                    1.0,
                    1.0
                ]
            }
        },
        {
            "Metadata": {
                "Type": "Collision"
            },
            "Component": {
                "Cover": 0
            }
        },
        {
            "Metadata": {
                "Type": "Local"
            },
            "Component": {
                "LocalPosition": [
                    13.369999885559082,
                    0.0,
                    -2.111999988555908
                ],
                "LocalRotation": [
                    0.0,
                    0.0,
                    0.0,
                    1.0
                ],
                "LocalScale": [
                    0.009999999776482582,
                    0.009999999776482582,
                    0.009999999776482582
                ]
            }
        },
        {
            "Metadata": {
                "Type": "Obstacle"
            },
            "Component": {}
        },
        {
            "Metadata": {
                "Type": "Model"
            },
            "Component": {
                "Path": "Models\\Bar_Sofa.a",
                "TexturePath": "Assets\\ThumbNail_Bar_Sofa.jpg"
            }
        },
        {
            "Metadata": {
                "Type": "Shape"
            },
            "Component": {
                "X": 3,
                "Y": 2
            }
        }
    ]
}