{
    "Metadata": {
        "Type": "Prototype",
        "Category": "Obstacle"
    },
    "Components": [
        {
            "Metadata": {
                "Type": "Meta"
            },
            "Component": {
                "Name": ""
            }
        },
        {
            "Metadata": {
                "Type": "Transform"
            },
            "Component": {
                "Position": [
                    0.0,
                    0.0,
                    0.0
                ],
                "Rotation": [
                    0.0,
                    0.0,
                    0.0,
                    1.0
                ],
                "Scale": [
                    1.0,
                    1.0,
                    1.0
                ]
            }
        },
        {
            "Metadata": {
                "Type": "Collision"
            },
            "Component": {
                "Cover": 0
            }
        },
        {
            "Metadata": {
                "Type": "Local"
            },
            "Component": {
                "LocalPosition": [
                    13.814006805419922,
                    0.0,
                    -0.31418779492378237
                ],
                "LocalRotation": [
                    0.0,
                    -0.008726526983082295,
                    0.0,
                    0.9999619126319885
                ],
                "LocalScale": [
                    0.009999999776482582,
                    0.009999999776482582,
                    0.009999999776482582
                ]
            }
        },
        {
            "Metadata": {
                "Type": "Obstacle"
            },
            "Component": {}
        },
        {
            "Metadata": {
                "Type": "Model"
            },
            "Component": {
                "Path": "Models\\Bar_SmallTable2.a",
                "TexturePath": "Assets\\ThumbNail_Bar_Single_Table.jpg"
            }
        },
        {
            "Metadata": {
                "Type": "Shape"
            },
            "Component": {
                "X": 1,
                "Y": 1
            }
        }
    ]
}