{
    "Metadata": {
        "Type": "Prototype",
        "Category": "Obstacle"
    },
    "Components": [
        {
            "Metadata": {
                "Type": "Meta"
            },
            "Component": {
                "Name": ""
            }
        },
        {
            "Metadata": {
                "Type": "Transform"
            },
            "Component": {
                "Position": [
                    0.0,
                    0.0,
                    0.0
                ],
                "Rotation": [
                    0.0,
                    0.0,
                    0.0,
                    1.0
                ],
                "Scale": [
                    1.0,
                    1.0,
                    1.0
                ]
            }
        },
        {
            "Metadata": {
                "Type": "Collision"
            },
            "Component": {
                "Cover": 0
            }
        },
        {
            "Metadata": {
                "Type": "Local"
            },
            "Component": {
                "LocalPosition": [
                    0.0,
                    0.0,
                    -0.10000000149011612
                ],
                "LocalRotation": [
                    0.0,
                    0.7071066498756409,
                    0.0,
                    0.7071069478988648
                ],
                "LocalScale": [
                    0.9999973177909851,
                    1.0,
                    0.9999973177909851
                ]
            }
        },
        {
            "Metadata": {
                "Type": "Obstacle"
            },
            "Component": {}
        },
        {
            "Metadata": {
                "Type": "Model"
            },
            "Component": {
                "Path": "Models\\Bar_Shelf.a",
                "TexturePath": "Assets\\ThumbNail_Bar_Shelf.jpg"
            }
        },
        {
            "Metadata": {
                "Type": "Shape"
            },
            "Component": {
                "X": 3,
                "Y": 1
            }
        }
    ]
}