{
    "Metadata": {
        "Type": "Prototype",
        "Category": "Obstacle"
    },
    "Components": [
        {
            "Metadata": {
                "Type": "Meta"
            },
            "Component": {
                "Name": ""
            }
        },
        {
            "Metadata": {
                "Type": "Transform"
            },
            "Component": {
                "Position": [
                    0.0,
                    0.0,
                    0.0
                ],
                "Rotation": [
                    0.0,
                    0.0,
                    0.0,
                    1.0
                ],
                "Scale": [
                    1.0,
                    1.0,
                    1.0
                ]
            }
        },
        {
            "Metadata": {
                "Type": "Collision"
            },
            "Component": {
                "Cover": 1
            }
        },
        {
            "Metadata": {
                "Type": "Local"
            },
            "Component": {
                "LocalPosition": [
                    -2.627976655960083,
                    0.0,
                    -0.6991645693778992
                ],
                "LocalRotation": [
                    0.0,
                    0.0,
                    0.0,
                    1.0
                ],
                "LocalScale": [
                    0.009999999776482582,
                    0.009999999776482582,
                    0.009999999776482582
                ]
            }
        },
        {
            "Metadata": {
                "Type": "Obstacle"
            },
            "Component": {}
        },
        {
            "Metadata": {
                "Type": "Model"
            },
            "Component": {
                "Path": "Models\\Canteen_Table.a",
                "TexturePath": "Assets\\ThumbNail_Canteen_Table.jpg"
            }
        },
        {
            "Metadata": {
                "Type": "Shape"
            },
            "Component": {
                "X": 2,
                "Y": 2
            }
        }
    ]
}