{
    "Metadata": {
        "Type": "Prototype",
        "Category": "Unit"
    },
    "Components": [
        {
            "Metadata": {
                "Type": "Unit"
            },
            "Component": {}
        },
        {
            "Metadata": {
                "Type": "Meta"
            },
            "Component": {
                "Name": ""
            }
        },
        {
            "Metadata": {
                "Type": "Transform"
            },
            "Component": {
                "Position": [
                    0.0,
                    0.0,
                    0.0
                ],
                "Rotation": [
                    0.0,
                    0.0,
                    0.0,
                    1.0
                ],
                "Scale": [
                    1.0,
                    1.0,
                    1.0
                ]
            }
        },
        {
            "Metadata": {
                "Type": "Collision"
            },
            "Component": {
                "Cover": 0
            }
        },
        {
            "Metadata": {
                "Type": "Local"
            },
            "Component": {
                "LocalPosition": [
                    -8.008000373840332,
                    0.0,
                    -1.059999942779541
                ],
                "LocalRotation": [
                    0.0,
                    -4.371134920688746e-8,
                    0.0,
                    1.0
                ],
                "LocalScale": [
                    0.008999999612569809,
                    0.008999999612569809,
                    0.008999999612569809
                ]
            }
        },
        {
            "Metadata": {
                "Type": "Character"
            },
            "Component": {
                "Charater_Name": "Char",
                "Color": [
                    1.0,
                    0.0,
                    0.0
                ],
                "IsInCombat": false,
                "Weapon_Ids": [],
                "Charater_Stats": [
                    0,
                    0,
                    0,
                    0,
                    0,
                    0,
                    0,
                    0,
                    0,
                    0,
                    0,
                    0,
                    0
                ],
                "Actions": []
            }
        },
        {
            "Metadata": {
                "Type": "Model"
            },
            "Component": {
                "Path": "Models\\UnitBlack_CombatStance.a",
                "TexturePath": ""
            }
        },
        {
            "Metadata": {
                "Type": "Shape"
            },
            "Component": {
                "X": 1,
                "Y": 1
            }
        }
    ]
}