{
    "Metadata": {
        "Type": "Prototype",
        "Category": "Wall"
    },
    "Components": [
        {
            "Metadata": {
                "Type": "Meta"
            },
            "Component": {
                "Name": ""
            }
        },
        {
            "Metadata": {
                "Type": "Transform"
            },
            "Component": {
                "Position": [
                    0.0,
                    0.0,
                    0.0
                ],
                "Rotation": [
                    0.0,
                    0.0,
                    0.0,
                    1.0
                ],
                "Scale": [
                    1.0,
                    1.0,
                    1.0
                ]
            }
        },
        {
            "Metadata": {
                "Type": "Local"
            },
            "Component": {
                "LocalPosition": [
                    1.6945008039474488,
                    0.0,
                    1.7999999523162842
                ],
                "LocalRotation": [
                    0.0,
                    0.0,
                    0.0,
                    1.0
                ],
                "LocalScale": [
                    1.0010000467300416,
                    1.0,
                    1.0
                ]
            }
        },
        {
            "Metadata": {
                "Type": "Model"
            },
            "Component": {
                "Path": "Models\\Wall_BlockNumber.a",
                "TexturePath": "Assets\\ThumbNail_Wall_Block_Number.jpg"
            }
        },
        {
            "Metadata": {
                "Type": "Shape"
            },
            "Component": {
                "X": 1,
                "Y": 0
            }
        },
        {
            "Metadata": {
                "Type": "Wall"
            },
            "Component": {
                "Cover": 0
            }
        }
    ]
}