{
    "Metadata": {
        "Type": "Prototype",
        "Category": "Decoration"
    },
    "Components": [
        {
            "Metadata": {
                "Type": "Meta"
            },
            "Component": {
                "Name": ""
            }
        },
        {
            "Metadata": {
                "Type": "Transform"
            },
            "Component": {
                "Position": [
                    0.0,
                    0.0,
                    0.0
                ],
                "Rotation": [
                    0.0,
                    0.0,
                    0.0,
                    1.0
                ],
                "Scale": [
                    1.0,
                    1.0,
                    1.0
                ]
            }
        },
        {
            "Metadata": {
                "Type": "Local"
            },
            "Component": {
                "LocalPosition": [
                    0.8178790807723999,
                    0.0,
                    -3.26100492477417
                ],
                "LocalRotation": [
                    0.0,
                    0.0,
                    0.0,
                    1.0
                ],
                "LocalScale": [
                    0.009999999776482582,
                    0.009999999776482582,
                    0.009999999776482582
                ]
            }
        },
        {
            "Metadata": {
                "Type": "Model"
            },
            "Component": {
                "Path": "Models\\Cell_Bench.a",
                "TexturePath": "Assets\\ThumbNail_Cell_Bench.jpg"
            }
        },
        {
            "Metadata": {
                "Type": "Shape"
            },
            "Component": {
                "X": 1,
                "Y": 1
            }
        }
    ]
}