{
    "Metadata": {
        "Type": "Prototype",
        "Category": "Door"
    },
    "Components": [
        {
            "Metadata": {
                "Type": "Meta"
            },
            "Component": {
                "Name": ""
            }
        },
        {
            "Metadata": {
                "Type": "Transform"
            },
            "Component": {
                "Position": [
                    0.0,
                    0.0,
                    0.0
                ],
                "Rotation": [
                    0.0,
                    0.0,
                    0.0,
                    1.0
                ],
                "Scale": [
                    1.0,
                    1.0,
                    1.0
                ]
            }
        },
        {
            "Metadata": {
                "Type": "Collision"
            },
            "Component": {
                "Cover": 0
            }
        },
        {
            "Metadata": {
                "Type": "Local"
            },
            "Component": {
                "LocalPosition": [
                    6.0637288093566898,
                    0.0,
                    -3.6109023094177248
                ],
                "LocalRotation": [
                    0.0,
                    0.0,
                    0.0,
                    1.0
                ],
                "LocalScale": [
                    0.009999999776482582,
                    0.009999999776482582,
                    0.009999999776482582
                ]
            }
        },
        {
            "Metadata": {
                "Type": "Model"
            },
            "Component": {
                "Path": "Models\\Bar_Door.a",
                "TexturePath": "Assets\\ThumbNail_Bar_Door.jpg"
            }
        },
        {
            "Metadata": {
                "Type": "Shape"
            },
            "Component": {
                "X": 1,
                "Y": 0
            }
        },
        {
            "Metadata": {
                "Type": "Door"
            },
            "Component": {
                "States": [
                    {
                        "LocalPosition": [
                            0.0,
                            0.0,
                            0.0
                        ],
                        "LocalRotation": [
                            0.0,
                            0.0,
                            0.0,
                            1.0
                        ],
                        "LocalScale": [
                            1.0,
                            1.0,
                            1.0
                        ]
                    },
                    {
                        "LocalPosition": [
                            -0.800000011920929,
                            0.0,
                            0.0
                        ],
                        "LocalRotation": [
                            0.0,
                            0.0,
                            0.0,
                            1.0
                        ],
                        "LocalScale": [
                            1.0,
                            1.0,
                            1.0
                        ]
                    }
                ],
                "Frame": {
                    "Path": "Models\\Bar_Doorframe.a",
                    "TexturePath": ""
                },
                "Frame_Local": {
                    "LocalPosition": [
                        5.354000091552734,
                        0.0,
                        -3.7725000381469728
                    ],
                    "LocalRotation": [
                        0.0,
                        0.0,
                        0.0,
                        1.0
                    ],
                    "LocalScale": [
                        0.009999999776482582,
                        0.009999999776482582,
                        0.009999999776482582
                    ]
                }
            }
        }
    ]
}