{
    "Metadata": {
        "Type": "Prototype",
        "Category": "Door"
    },
    "Components": [
        {
            "Metadata": {
                "Type": "Meta"
            },
            "Component": {
                "Name": ""
            }
        },
        {
            "Metadata": {
                "Type": "Transform"
            },
            "Component": {
                "Position": [
                    0.0,
                    0.0,
                    0.0
                ],
                "Rotation": [
                    0.0,
                    0.0,
                    0.0,
                    1.0
                ],
                "Scale": [
                    1.0,
                    1.0,
                    1.0
                ]
            }
        },
        {
            "Metadata": {
                "Type": "Local"
            },
            "Component": {
                "LocalPosition": [
                    1.6460000276565552,
                    0.0,
                    -0.5569999814033508
                ],
                "LocalRotation": [
                    0.0,
                    0.0,
                    0.0,
                    1.0
                ],
                "LocalScale": [
                    1.0,
                    1.0,
                    1.0
                ]
            }
        },
        {
            "Metadata": {
                "Type": "Model"
            },
            "Component": {
                "Path": "Models\\Lab_Door.a",
                "TexturePath": "Assets\\Lab_door.jpg"
            }
        },
        {
            "Metadata": {
                "Type": "Shape"
            },
            "Component": {
                "X": 1,
                "Y": 0
            }
        },
        {
            "Metadata": {
                "Type": "Door"
            },
            "Component": {
                "States": [
                    {
                        "LocalPosition": [
                            0.0,
                            0.0,
                            0.0
                        ],
                        "LocalRotation": [
                            0.0,
                            0.0,
                            0.0,
                            1.0
                        ],
                        "LocalScale": [
                            1.0,
                            1.0,
                            1.0
                        ]
                    },
                    {
                        "LocalPosition": [
                            -0.9399999976158142,
                            0.0,
                            0.0
                        ],
                        "LocalRotation": [
                            -1.0614804077962895e-15,
                            -0.0,
                            0.0,
                            1.0
                        ],
                        "LocalScale": [
                            1.0,
                            1.0,
                            1.0
                        ]
                    }
                ],
                "Frame": {
                    "Path": "Models\\Lab_Doorframe.a",
                    "TexturePath": ""
                },
                "Frame_Local": {
                    "LocalPosition": [
                        1.9199999570846558,
                        0.0,
                        2.0920000076293947
                    ],
                    "LocalRotation": [
                        0.0,
                        0.0,
                        1.0,
                        -4.371138828673793e-8
                    ],
                    "LocalScale": [
                        1.0,
                        1.0,
                        1.0
                    ]
                }
            }
        }
    ]
}